{"cameraMode":{"drawMode":0,"name":"Shaded","section":"Shading Mode"},"sceneLighting":true,"audioPlay":false,"sceneViewState":{"showFog":true,"showMaterialUpdate":false,"showSkybox":true,"showFlares":true,"showImageEffects":true,"showParticleSystems":true},"in2DMode":false,"pivot":{"x":9.828716278076172,"y":7.914699077606201,"z":7.366942405700684},"rotation":{"x":0.05041144788265228,"y":-0.8992080688476563,"z":0.42125585675239565,"w":0.10944142937660217},"size":35.657470703125,"orthographic":false}