{"cameraMode":{"drawMode":0,"name":"Shaded","section":"Shading Mode"},"sceneLighting":true,"audioPlay":false,"sceneViewState":{"showFog":true,"showMaterialUpdate":false,"showSkybox":true,"showFlares":true,"showImageEffects":true,"showParticleSystems":true},"in2DMode":false,"pivot":{"x":-1.6592059135437012,"y":14.336772918701172,"z":2.6605982780456545},"rotation":{"x":0.03002292849123478,"y":0.9240471124649048,"z":-0.3749413788318634,"w":0.07211874425411225},"size":23.334213256835939,"orthographic":false}