{"cameraMode":{"drawMode":0,"name":"Shaded","section":"Shading Mode"},"sceneLighting":true,"audioPlay":false,"sceneViewState":{"showFog":true,"showMaterialUpdate":false,"showSkybox":true,"showFlares":true,"showImageEffects":true,"showParticleSystems":true},"in2DMode":false,"pivot":{"x":-5.73541784286499,"y":6.770122528076172,"z":51.934959411621097},"rotation":{"x":0.2095257043838501,"y":0.3596780002117157,"z":-0.08326833695173264,"w":0.905524730682373},"size":-96.9095230102539,"orthographic":false}