{"cameraMode":{"drawMode":0,"name":"Shaded","section":"Shading Mode"},"sceneLighting":true,"audioPlay":false,"sceneViewState":{"showFog":true,"showMaterialUpdate":false,"showSkybox":true,"showFlares":true,"showImageEffects":true,"showParticleSystems":true},"in2DMode":false,"pivot":{"x":10.041250228881836,"y":1.2920538187026978,"z":7.73227596282959},"rotation":{"x":0.13641247153282166,"y":-0.6499765515327454,"z":0.12053324282169342,"w":0.7381259202957153},"size":20.90855598449707,"orthographic":false}