{"cameraMode":{"drawMode":0,"name":"Shaded","section":"Shading Mode"},"sceneLighting":true,"audioPlay":false,"sceneViewState":{"showFog":true,"showMaterialUpdate":true,"showSkybox":true,"showFlares":true,"showImageEffects":true,"showParticleSystems":true},"in2DMode":false,"pivot":{"x":-2.6225242614746095,"y":-0.2028588205575943,"z":1.1268738508224488},"rotation":{"x":-0.0633031576871872,"y":0.8860901594161987,"z":-0.12712959945201875,"w":-0.441221684217453},"size":9.382195472717286,"orthographic":false}